Source,Target,Strength
1,3,3
7,2,2
8,19,2
8,24,2
10,14,2
11,1,2
11,3,2
15,17,2
18,5,2
19,24,2
20,2,2
21,6,2
23,5,2
28,100,1
28,169,1
28,270,1
28,303,1
28,325,1
7,29,1
7,30,1
7,32,1
7,34,1
7,40,1
7,42,1
7,43,1
7,47,1
7,52,1
7,55,1
7,57,1
7,59,1
7,66,1
7,75,1
7,84,1
7,90,1
7,104,1
7,107,1
7,111,1
7,118,1
7,121,1
7,16,1
7,131,1
7,133,1
7,134,1
7,135,1
7,136,1
7,138,1
7,143,1
7,144,1
7,147,1
7,156,1
7,157,1
7,165,1
7,168,1
7,182,1
7,187,1
7,20,1
7,190,1
7,192,1
7,199,1
7,200,1
7,202,1
7,203,1
7,205,1
7,217,1
7,226,1
7,234,1
7,246,1
7,252,1
7,254,1
7,256,1
7,258,1
7,263,1
7,268,1
7,272,1
7,273,1
7,280,1
7,25,1
7,289,1
7,290,1
7,297,1
7,300,1
7,26,1
7,27,1
7,304,1
7,321,1
29,30,1
29,32,1
29,34,1
29,40,1
29,42,1
29,43,1
29,47,1
29,52,1
29,55,1
29,59,1
29,66,1
29,75,1
29,84,1
29,90,1
29,104,1
29,107,1
29,111,1
29,118,1
29,121,1
29,16,1
29,131,1
29,133,1
29,134,1
29,135,1
29,136,1
29,138,1
29,143,1
29,144,1
29,147,1
29,156,1
29,157,1
29,165,1
29,168,1
29,182,1
29,187,1
29,20,1
29,190,1
29,192,1
29,199,1
29,200,1
29,202,1
29,203,1
29,205,1
29,217,1
29,226,1
29,234,1
29,246,1
29,2,1
29,252,1
29,254,1
29,256,1
29,258,1
29,263,1
29,268,1
29,272,1
29,273,1
29,280,1
29,25,1
29,289,1
29,290,1
29,297,1
29,300,1
29,26,1
29,27,1
29,304,1
29,321,1
30,32,1
30,34,1
30,40,1
30,42,1
30,43,1
30,47,1
30,52,1
30,55,1
30,59,1
30,66,1
30,75,1
30,84,1
30,90,1
30,104,1
30,107,1
30,111,1
30,118,1
30,121,1
30,16,1
30,131,1
30,133,1
30,134,1
30,135,1
30,136,1
30,138,1
30,143,1
30,144,1
30,147,1
30,156,1
30,157,1
30,165,1
30,168,1
30,182,1
30,187,1
30,20,1
30,190,1
30,192,1
30,199,1
30,200,1
30,202,1
30,203,1
30,205,1
30,217,1
30,226,1
30,234,1
30,246,1
30,2,1
30,252,1
30,254,1
30,256,1
30,258,1
30,263,1
30,268,1
30,272,1
30,273,1
30,280,1
30,25,1
30,289,1
30,290,1
30,297,1
30,300,1
30,26,1
30,27,1
30,304,1
30,321,1
31,36,1
31,76,1
31,94,1
31,181,1
31,229,1
31,240,1
31,249,1
31,306,1
32,34,1
32,40,1
32,42,1
32,43,1
32,47,1
32,52,1
32,55,1
32,59,1
32,66,1
32,75,1
32,84,1
32,90,1
32,104,1
32,107,1
32,111,1
32,118,1
32,121,1
32,16,1
32,131,1
32,133,1
32,134,1
32,135,1
32,136,1
32,138,1
32,143,1
32,144,1
32,147,1
32,156,1
32,157,1
32,165,1
32,168,1
32,182,1
32,187,1
32,20,1
32,190,1
32,192,1
32,199,1
32,200,1
32,202,1
32,203,1
32,205,1
32,217,1
32,226,1
32,234,1
32,246,1
32,2,1
32,252,1
32,254,1
32,256,1
32,258,1
32,263,1
32,268,1
32,272,1
32,273,1
32,280,1
32,25,1
32,289,1
32,290,1
32,297,1
32,300,1
32,26,1
32,27,1
32,304,1
32,321,1
33,35,1
33,79,1
33,142,1
33,228,1
33,253,1
34,40,1
34,42,1
34,43,1
34,47,1
34,52,1
34,55,1
34,59,1
34,66,1
34,75,1
34,84,1
34,90,1
34,104,1
34,107,1
34,111,1
34,118,1
34,121,1
34,16,1
34,131,1
34,133,1
34,134,1
34,135,1
34,136,1
34,138,1
34,143,1
34,144,1
34,147,1
34,156,1
34,157,1
34,165,1
34,168,1
34,182,1
34,187,1
34,20,1
34,190,1
34,192,1
34,199,1
34,200,1
34,202,1
34,203,1
34,205,1
34,217,1
34,226,1
34,234,1
34,246,1
34,2,1
34,252,1
34,254,1
34,256,1
34,258,1
34,263,1
34,268,1
34,272,1
34,273,1
34,280,1
34,25,1
34,289,1
34,290,1
34,297,1
34,300,1
34,26,1
34,27,1
34,304,1
34,321,1
8,62,1
8,97,1
8,103,1
8,152,1
8,195,1
8,213,1
8,235,1
8,274,1
35,79,1
35,142,1
35,228,1
35,253,1
36,76,1
36,94,1
36,181,1
36,229,1
36,240,1
36,249,1
36,306,1
37,13,1
37,207,1
37,22,1
38,46,1
38,166,1
38,186,1
38,204,1
39,65,1
39,73,1
39,242,1
40,42,1
40,43,1
40,47,1
40,52,1
40,55,1
40,59,1
40,66,1
40,75,1
40,84,1
40,90,1
40,104,1
40,107,1
40,111,1
40,118,1
40,121,1
40,16,1
40,131,1
40,133,1
40,134,1
40,135,1
40,136,1
40,138,1
40,143,1
40,144,1
40,147,1
40,156,1
40,157,1
40,165,1
40,168,1
40,182,1
40,187,1
40,20,1
40,190,1
40,192,1
40,199,1
40,200,1
40,202,1
40,203,1
40,205,1
40,217,1
40,226,1
40,234,1
40,246,1
40,2,1
40,252,1
40,254,1
40,256,1
40,258,1
40,263,1
40,268,1
40,272,1
40,273,1
40,280,1
40,25,1
40,289,1
40,290,1
40,297,1
40,300,1
40,26,1
40,27,1
40,304,1
40,321,1
41,163,1
41,278,1
42,43,1
42,47,1
42,52,1
42,55,1
42,59,1
42,66,1
42,75,1
42,84,1
42,90,1
42,104,1
42,107,1
42,111,1
42,118,1
42,121,1
42,16,1
42,131,1
42,133,1
42,134,1
42,135,1
42,136,1
42,138,1
42,143,1
42,144,1
42,147,1
42,156,1
42,157,1
42,165,1
42,168,1
42,182,1
42,187,1
42,20,1
42,190,1
42,192,1
42,199,1
42,200,1
42,202,1
42,203,1
42,205,1
42,217,1
42,226,1
42,234,1
42,246,1
42,2,1
42,252,1
42,254,1
42,256,1
42,258,1
42,263,1
42,268,1
42,272,1
42,273,1
42,280,1
42,25,1
42,289,1
42,290,1
42,297,1
42,300,1
42,26,1
42,27,1
42,304,1
42,321,1
9,64,1
9,113,1
9,149,1
9,243,1
9,260,1
9,25,1
43,47,1
43,52,1
43,55,1
43,59,1
43,66,1
43,75,1
43,84,1
43,90,1
43,104,1
43,107,1
43,111,1
43,118,1
43,121,1
43,16,1
43,131,1
43,133,1
43,134,1
43,135,1
43,136,1
43,138,1
43,143,1
43,144,1
43,147,1
43,156,1
43,157,1
43,165,1
43,168,1
43,182,1
43,187,1
43,20,1
43,190,1
43,192,1
43,199,1
43,200,1
43,202,1
43,203,1
43,205,1
43,217,1
43,226,1
43,234,1
43,246,1
43,2,1
43,252,1
43,254,1
43,256,1
43,258,1
43,263,1
43,268,1
43,272,1
43,273,1
43,280,1
43,25,1
43,289,1
43,290,1
43,297,1
43,300,1
43,26,1
43,27,1
43,304,1
43,321,1
44,45,1
44,56,1
44,60,1
44,63,1
44,69,1
44,87,1
44,1,1
44,117,1
44,122,1
44,127,1
44,132,1
44,3,1
44,158,1
44,4,1
44,177,1
44,180,1
44,184,1
44,185,1
44,189,1
44,21,1
44,198,1
44,212,1
44,259,1
44,269,1
44,288,1
44,26,1
44,318,1
44,6,1
45,56,1
45,60,1
45,63,1
45,69,1
45,87,1
45,1,1
45,117,1
45,122,1
45,127,1
45,132,1
45,3,1
45,158,1
45,4,1
45,177,1
45,180,1
45,184,1
45,185,1
45,189,1
45,21,1
45,198,1
45,212,1
45,259,1
45,269,1
45,288,1
45,26,1
45,318,1
45,6,1
46,166,1
46,186,1
46,204,1
47,52,1
47,55,1
47,59,1
47,66,1
47,75,1
47,84,1
47,90,1
47,104,1
47,107,1
47,111,1
47,118,1
47,121,1
47,16,1
47,131,1
47,133,1
47,134,1
47,135,1
47,136,1
47,138,1
47,143,1
47,144,1
47,147,1
47,156,1
47,157,1
47,165,1
47,168,1
47,182,1
47,187,1
47,20,1
47,190,1
47,192,1
47,199,1
47,200,1
47,202,1
47,203,1
47,205,1
47,217,1
47,226,1
47,234,1
47,246,1
47,2,1
47,252,1
47,254,1
47,256,1
47,258,1
47,263,1
47,268,1
47,272,1
47,273,1
47,280,1
47,25,1
47,289,1
47,290,1
47,297,1
47,300,1
47,26,1
47,27,1
47,304,1
47,321,1
48,151,1
48,261,1
50,77,1
50,1,1
50,150,1
50,188,1
50,201,1
50,211,1
51,101,1
51,124,1
51,222,1
51,285,1
52,55,1
52,59,1
52,66,1
52,75,1
52,84,1
52,90,1
52,104,1
52,107,1
52,111,1
52,118,1
52,121,1
52,16,1
52,131,1
52,133,1
52,134,1
52,135,1
52,136,1
52,138,1
52,143,1
52,144,1
52,147,1
52,156,1
52,157,1
52,165,1
52,168,1
52,182,1
52,187,1
52,20,1
52,190,1
52,192,1
52,199,1
52,200,1
52,202,1
52,203,1
52,205,1
52,217,1
52,226,1
52,234,1
52,246,1
52,2,1
52,252,1
52,254,1
52,256,1
52,258,1
52,263,1
52,268,1
52,272,1
52,273,1
52,280,1
52,25,1
52,289,1
52,290,1
52,297,1
52,300,1
52,26,1
52,27,1
52,304,1
52,321,1
53,178,1
53,183,1
53,209,1
53,302,1
54,129,1
54,215,1
54,267,1
55,59,1
55,66,1
55,75,1
55,84,1
55,90,1
55,104,1
55,107,1
55,111,1
55,118,1
55,121,1
55,16,1
55,131,1
55,133,1
55,134,1
55,135,1
55,136,1
55,138,1
55,143,1
55,144,1
55,147,1
55,156,1
55,157,1
55,165,1
55,168,1
55,182,1
55,187,1
55,20,1
55,190,1
55,192,1
55,199,1
55,200,1
55,202,1
55,203,1
55,205,1
55,217,1
55,226,1
55,234,1
55,246,1
55,2,1
55,252,1
55,254,1
55,256,1
55,258,1
55,263,1
55,268,1
55,272,1
55,273,1
55,280,1
55,25,1
55,289,1
55,290,1
55,297,1
55,300,1
55,26,1
55,27,1
55,304,1
55,321,1
56,60,1
56,63,1
56,69,1
56,87,1
56,1,1
56,117,1
56,122,1
56,127,1
56,132,1
56,3,1
56,158,1
56,4,1
56,177,1
56,180,1
56,184,1
56,185,1
56,189,1
56,21,1
56,198,1
56,212,1
56,259,1
56,269,1
56,288,1
56,26,1
56,318,1
56,6,1
57,2,1
58,22,1
10,1,1
10,91,1
10,16,1
10,140,1
10,264,1
10,326,1
11,99,1
11,154,1
11,196,1
11,219,1
11,283,1
59,66,1
59,75,1
59,84,1
59,90,1
59,104,1
59,107,1
59,111,1
59,118,1
59,121,1
59,16,1
59,131,1
59,133,1
59,134,1
59,135,1
59,136,1
59,138,1
59,143,1
59,144,1
59,147,1
59,156,1
59,157,1
59,165,1
59,168,1
59,182,1
59,187,1
59,20,1
59,190,1
59,192,1
59,199,1
59,200,1
59,202,1
59,203,1
59,205,1
59,217,1
59,226,1
59,234,1
59,246,1
59,2,1
59,252,1
59,254,1
59,256,1
59,258,1
59,263,1
59,268,1
59,272,1
59,273,1
59,280,1
59,25,1
59,289,1
59,290,1
59,297,1
59,300,1
59,26,1
59,27,1
59,304,1
59,321,1
60,63,1
60,69,1
60,87,1
60,1,1
60,117,1
60,122,1
60,127,1
60,132,1
60,3,1
60,158,1
60,4,1
60,177,1
60,180,1
60,184,1
60,185,1
60,189,1
60,21,1
60,198,1
60,212,1
60,259,1
60,269,1
60,288,1
60,26,1
60,318,1
60,6,1
61,153,1
61,247,1
62,97,1
62,103,1
62,152,1
62,19,1
62,213,1
62,24,1
63,69,1
63,87,1
63,1,1
63,117,1
63,122,1
63,127,1
63,132,1
63,3,1
63,158,1
63,4,1
63,177,1
63,180,1
63,184,1
63,185,1
63,189,1
63,21,1
63,198,1
63,212,1
63,259,1
63,269,1
63,288,1
63,26,1
63,318,1
63,6,1
64,113,1
65,73,1
65,242,1
66,75,1
66,84,1
66,90,1
66,104,1
66,107,1
66,111,1
66,118,1
66,121,1
66,16,1
66,131,1
66,133,1
66,134,1
66,135,1
66,136,1
66,138,1
66,143,1
66,144,1
66,147,1
66,156,1
66,157,1
66,165,1
66,168,1
66,182,1
66,187,1
66,20,1
66,190,1
66,192,1
66,199,1
66,200,1
66,202,1
66,203,1
66,205,1
66,217,1
66,226,1
66,234,1
66,246,1
66,2,1
66,252,1
66,254,1
66,256,1
66,258,1
66,263,1
66,268,1
66,272,1
66,273,1
66,280,1
66,25,1
66,289,1
66,290,1
66,297,1
66,300,1
66,26,1
66,27,1
66,304,1
66,321,1
67,96,1
67,128,1
67,160,1
67,309,1
68,239,1
69,87,1
69,1,1
69,117,1
69,122,1
69,127,1
69,132,1
69,3,1
69,158,1
69,4,1
69,177,1
69,180,1
69,184,1
69,185,1
69,189,1
69,21,1
69,198,1
69,212,1
69,259,1
69,269,1
69,288,1
69,26,1
69,318,1
69,6,1
70,71,1
70,106,1
70,174,1
70,223,1
70,314,1
71,106,1
71,174,1
71,223,1
71,314,1
72,311,1
72,320,1
72,324,1
12,108,1
12,110,1
12,197,1
12,257,1
12,281,1
73,242,1
74,98,1
74,216,1
74,298,1
75,84,1
75,90,1
75,104,1
75,107,1
75,111,1
75,118,1
75,121,1
75,16,1
75,131,1
75,133,1
75,134,1
75,135,1
75,136,1
75,138,1
75,143,1
75,144,1
75,147,1
75,156,1
75,157,1
75,165,1
75,168,1
75,182,1
75,187,1
75,20,1
75,190,1
75,192,1
75,199,1
75,200,1
75,202,1
75,203,1
75,205,1
75,217,1
75,226,1
75,234,1
75,246,1
75,2,1
75,252,1
75,254,1
75,256,1
75,258,1
75,263,1
75,268,1
75,272,1
75,273,1
75,280,1
75,25,1
75,289,1
75,290,1
75,297,1
75,300,1
75,26,1
75,27,1
75,304,1
75,321,1
76,94,1
76,181,1
76,229,1
76,240,1
76,249,1
76,306,1
13,81,1
13,82,1
13,83,1
13,171,1
13,207,1
13,22,1
77,1,1
77,150,1
77,188,1
77,201,1
77,211,1
78,172,1
78,251,1
78,262,1
79,142,1
79,228,1
79,253,1
80,218,1
80,227,1
81,82,1
81,83,1
81,171,1
82,83,1
82,171,1
83,171,1
84,90,1
84,104,1
84,107,1
84,111,1
84,118,1
84,121,1
84,16,1
84,131,1
84,133,1
84,134,1
84,135,1
84,136,1
84,138,1
84,143,1
84,144,1
84,147,1
84,156,1
84,157,1
84,165,1
84,168,1
84,182,1
84,187,1
84,20,1
84,190,1
84,192,1
84,199,1
84,200,1
84,202,1
84,203,1
84,205,1
84,217,1
84,226,1
84,234,1
84,246,1
84,2,1
84,252,1
84,254,1
84,256,1
84,258,1
84,263,1
84,268,1
84,272,1
84,273,1
84,280,1
84,25,1
84,289,1
84,290,1
84,297,1
84,300,1
84,26,1
84,27,1
84,304,1
84,321,1
85,102,1
85,115,1
85,125,1
85,126,1
85,162,1
85,225,1
85,293,1
85,308,1
85,312,1
85,313,1
85,315,1
86,109,1
86,130,1
86,279,1
87,1,1
87,117,1
87,122,1
87,127,1
87,132,1
87,3,1
87,158,1
87,4,1
87,177,1
87,180,1
87,184,1
87,185,1
87,189,1
87,21,1
87,198,1
87,212,1
87,259,1
87,269,1
87,288,1
87,26,1
87,318,1
87,6,1
88,292,1
89,224,1
89,276,1
89,294,1
89,310,1
1,99,1
1,14,1
1,117,1
1,122,1
1,127,1
1,16,1
1,132,1
1,140,1
1,150,1
1,154,1
1,158,1
1,4,1
1,177,1
1,180,1
1,184,1
1,185,1
1,188,1
1,189,1
1,196,1
1,21,1
1,198,1
1,201,1
1,211,1
1,212,1
1,219,1
1,259,1
1,264,1
1,269,1
1,283,1
1,288,1
1,26,1
1,318,1
1,6,1
1,326,1
90,104,1
90,107,1
90,111,1
90,118,1
90,121,1
90,16,1
90,131,1
90,133,1
90,134,1
90,135,1
90,136,1
90,138,1
90,143,1
90,144,1
90,147,1
90,156,1
90,157,1
90,165,1
90,168,1
90,182,1
90,187,1
90,20,1
90,190,1
90,192,1
90,199,1
90,200,1
90,202,1
90,203,1
90,205,1
90,217,1
90,226,1
90,234,1
90,246,1
90,2,1
90,252,1
90,254,1
90,256,1
90,258,1
90,263,1
90,268,1
90,272,1
90,273,1
90,280,1
90,25,1
90,289,1
90,290,1
90,297,1
90,300,1
90,26,1
90,27,1
90,304,1
90,321,1
91,14,1
92,284,1
92,287,1
92,299,1
93,112,1
93,317,1
94,181,1
94,229,1
94,240,1
94,249,1
94,306,1
95,175,1
95,179,1
95,241,1
96,128,1
96,160,1
96,309,1
97,103,1
97,152,1
97,19,1
97,213,1
97,24,1
98,216,1
98,298,1
99,3,1
99,154,1
99,219,1
100,169,1
100,270,1
100,303,1
100,325,1
101,124,1
101,222,1
101,285,1
102,115,1
102,125,1
102,126,1
102,162,1
102,225,1
102,293,1
102,308,1
102,312,1
102,313,1
102,315,1
103,152,1
103,19,1
103,213,1
103,24,1
104,107,1
104,111,1
104,118,1
104,121,1
104,16,1
104,131,1
104,133,1
104,134,1
104,135,1
104,136,1
104,138,1
104,143,1
104,144,1
104,147,1
104,156,1
104,157,1
104,165,1
104,168,1
104,182,1
104,187,1
104,20,1
104,190,1
104,192,1
104,199,1
104,200,1
104,202,1
104,203,1
104,205,1
104,217,1
104,226,1
104,234,1
104,246,1
104,2,1
104,252,1
104,254,1
104,256,1
104,258,1
104,263,1
104,268,1
104,272,1
104,273,1
104,280,1
104,25,1
104,289,1
104,290,1
104,297,1
104,300,1
104,26,1
104,27,1
104,304,1
104,321,1
105,119,1
105,137,1
105,193,1
105,194,1
105,214,1
14,16,1
14,140,1
14,264,1
14,326,1
106,174,1
106,223,1
106,314,1
107,111,1
107,118,1
107,121,1
107,16,1
107,131,1
107,133,1
107,134,1
107,135,1
107,136,1
107,138,1
107,143,1
107,144,1
107,147,1
107,156,1
107,157,1
107,165,1
107,168,1
107,182,1
107,187,1
107,20,1
107,190,1
107,192,1
107,199,1
107,200,1
107,202,1
107,203,1
107,205,1
107,217,1
107,226,1
107,234,1
107,246,1
107,2,1
107,252,1
107,254,1
107,256,1
107,258,1
107,263,1
107,268,1
107,272,1
107,273,1
107,280,1
107,25,1
107,289,1
107,290,1
107,297,1
107,300,1
107,26,1
107,27,1
107,304,1
107,321,1
108,110,1
108,197,1
108,281,1
109,130,1
109,279,1
110,197,1
110,281,1
111,118,1
111,121,1
111,16,1
111,131,1
111,133,1
111,134,1
111,135,1
111,136,1
111,138,1
111,143,1
111,144,1
111,147,1
111,156,1
111,157,1
111,165,1
111,168,1
111,182,1
111,187,1
111,20,1
111,190,1
111,192,1
111,199,1
111,200,1
111,202,1
111,203,1
111,205,1
111,217,1
111,226,1
111,234,1
111,246,1
111,2,1
111,252,1
111,254,1
111,256,1
111,258,1
111,263,1
111,268,1
111,272,1
111,273,1
111,280,1
111,25,1
111,289,1
111,290,1
111,297,1
111,300,1
111,26,1
111,27,1
111,304,1
111,321,1
112,317,1
114,220,1
115,125,1
115,126,1
115,162,1
115,225,1
115,293,1
115,308,1
115,312,1
115,313,1
115,315,1
116,148,1
116,230,1
116,238,1
116,245,1
116,27,1
117,122,1
117,127,1
117,132,1
117,3,1
117,158,1
117,4,1
117,177,1
117,180,1
117,184,1
117,185,1
117,189,1
117,21,1
117,198,1
117,212,1
117,259,1
117,269,1
117,288,1
117,26,1
117,318,1
117,6,1
15,248,1
118,121,1
118,16,1
118,131,1
118,133,1
118,134,1
118,135,1
118,136,1
118,138,1
118,143,1
118,144,1
118,147,1
118,156,1
118,157,1
118,165,1
118,168,1
118,182,1
118,187,1
118,20,1
118,190,1
118,192,1
118,199,1
118,200,1
118,202,1
118,203,1
118,205,1
118,217,1
118,226,1
118,234,1
118,246,1
118,2,1
118,252,1
118,254,1
118,256,1
118,258,1
118,263,1
118,268,1
118,272,1
118,273,1
118,280,1
118,25,1
118,289,1
118,290,1
118,297,1
118,300,1
118,26,1
118,27,1
118,304,1
118,321,1
119,137,1
119,193,1
119,194,1
119,214,1
120,123,1
120,266,1
121,16,1
121,131,1
121,133,1
121,134,1
121,135,1
121,136,1
121,138,1
121,143,1
121,144,1
121,147,1
121,156,1
121,157,1
121,165,1
121,168,1
121,182,1
121,187,1
121,20,1
121,190,1
121,192,1
121,199,1
121,200,1
121,202,1
121,203,1
121,205,1
121,217,1
121,226,1
121,234,1
121,246,1
121,2,1
121,252,1
121,254,1
121,256,1
121,258,1
121,263,1
121,268,1
121,272,1
121,273,1
121,280,1
121,25,1
121,289,1
121,290,1
121,297,1
121,300,1
121,26,1
121,27,1
121,304,1
121,321,1
122,127,1
122,132,1
122,3,1
122,158,1
122,4,1
122,177,1
122,180,1
122,184,1
122,185,1
122,189,1
122,21,1
122,198,1
122,212,1
122,259,1
122,269,1
122,288,1
122,26,1
122,318,1
122,6,1
123,266,1
124,222,1
124,285,1
125,126,1
125,162,1
125,225,1
125,293,1
125,308,1
125,312,1
125,313,1
125,315,1
126,162,1
126,225,1
126,293,1
126,308,1
126,312,1
126,313,1
126,315,1
127,132,1
127,3,1
127,158,1
127,4,1
127,177,1
127,180,1
127,184,1
127,185,1
127,189,1
127,21,1
127,198,1
127,212,1
127,259,1
127,269,1
127,288,1
127,26,1
127,318,1
127,6,1
128,160,1
128,309,1
129,215,1
129,267,1
16,131,1
16,133,1
16,134,1
16,135,1
16,136,1
16,138,1
16,140,1
16,143,1
16,144,1
16,147,1
16,156,1
16,157,1
16,165,1
16,168,1
16,182,1
16,187,1
16,20,1
16,190,1
16,192,1
16,199,1
16,200,1
16,202,1
16,203,1
16,205,1
16,217,1
16,226,1
16,234,1
16,246,1
16,2,1
16,252,1
16,254,1
16,256,1
16,258,1
16,263,1
16,264,1
16,268,1
16,272,1
16,273,1
16,280,1
16,25,1
16,289,1
16,290,1
16,297,1
16,300,1
16,26,1
16,27,1
16,304,1
16,321,1
16,326,1
130,279,1
131,133,1
131,134,1
131,135,1
131,136,1
131,138,1
131,143,1
131,144,1
131,147,1
131,156,1
131,157,1
131,165,1
131,168,1
131,182,1
131,187,1
131,20,1
131,190,1
131,192,1
131,199,1
131,200,1
131,202,1
131,203,1
131,205,1
131,217,1
131,226,1
131,234,1
131,246,1
131,2,1
131,252,1
131,254,1
131,256,1
131,258,1
131,263,1
131,268,1
131,272,1
131,273,1
131,280,1
131,25,1
131,289,1
131,290,1
131,297,1
131,300,1
131,26,1
131,27,1
131,304,1
131,321,1
132,3,1
132,158,1
132,4,1
132,177,1
132,180,1
132,184,1
132,185,1
132,189,1
132,21,1
132,198,1
132,212,1
132,259,1
132,269,1
132,288,1
132,26,1
132,318,1
132,6,1
133,134,1
133,135,1
133,136,1
133,138,1
133,143,1
133,144,1
133,147,1
133,156,1
133,157,1
133,165,1
133,168,1
133,182,1
133,187,1
133,20,1
133,190,1
133,192,1
133,199,1
133,200,1
133,202,1
133,203,1
133,205,1
133,217,1
133,226,1
133,234,1
133,246,1
133,2,1
133,252,1
133,254,1
133,256,1
133,258,1
133,263,1
133,268,1
133,272,1
133,273,1
133,280,1
133,25,1
133,289,1
133,290,1
133,297,1
133,300,1
133,26,1
133,27,1
133,304,1
133,321,1
134,135,1
134,136,1
134,138,1
134,143,1
134,144,1
134,147,1
134,156,1
134,157,1
134,165,1
134,168,1
134,182,1
134,187,1
134,20,1
134,190,1
134,192,1
134,199,1
134,200,1
134,202,1
134,203,1
134,205,1
134,217,1
134,226,1
134,234,1
134,246,1
134,2,1
134,252,1
134,254,1
134,256,1
134,258,1
134,263,1
134,268,1
134,272,1
134,273,1
134,280,1
134,25,1
134,289,1
134,290,1
134,297,1
134,300,1
134,26,1
134,27,1
134,304,1
134,321,1
135,136,1
135,138,1
135,143,1
135,144,1
135,147,1
135,156,1
135,157,1
135,165,1
135,168,1
135,182,1
135,187,1
135,20,1
135,190,1
135,192,1
135,199,1
135,200,1
135,202,1
135,203,1
135,205,1
135,217,1
135,226,1
135,234,1
135,246,1
135,2,1
135,252,1
135,254,1
135,256,1
135,258,1
135,263,1
135,268,1
135,272,1
135,273,1
135,280,1
135,25,1
135,289,1
135,290,1
135,297,1
135,300,1
135,26,1
135,27,1
135,304,1
135,321,1
136,138,1
136,143,1
136,144,1
136,147,1
136,156,1
136,157,1
136,165,1
136,168,1
136,182,1
136,187,1
136,20,1
136,190,1
136,192,1
136,199,1
136,200,1
136,202,1
136,203,1
136,205,1
136,217,1
136,226,1
136,234,1
136,246,1
136,2,1
136,252,1
136,254,1
136,256,1
136,258,1
136,263,1
136,268,1
136,272,1
136,273,1
136,280,1
136,25,1
136,289,1
136,290,1
136,297,1
136,300,1
136,26,1
136,27,1
136,304,1
136,321,1
137,193,1
137,194,1
137,214,1
3,154,1
3,158,1
3,4,1
3,177,1
3,180,1
3,184,1
3,185,1
3,189,1
3,196,1
3,21,1
3,198,1
3,212,1
3,219,1
3,259,1
3,269,1
3,283,1
3,288,1
3,26,1
3,318,1
3,6,1
138,143,1
138,144,1
138,147,1
138,156,1
138,157,1
138,165,1
138,168,1
138,182,1
138,187,1
138,20,1
138,190,1
138,192,1
138,199,1
138,200,1
138,202,1
138,203,1
138,205,1
138,217,1
138,226,1
138,234,1
138,246,1
138,2,1
138,252,1
138,254,1
138,256,1
138,258,1
138,263,1
138,268,1
138,272,1
138,273,1
138,280,1
138,25,1
138,289,1
138,290,1
138,297,1
138,300,1
138,26,1
138,27,1
138,304,1
138,321,1
139,161,1
139,191,1
139,265,1
139,291,1
139,6,1
140,264,1
140,326,1
141,155,1
141,173,1
141,221,1
142,228,1
142,253,1
143,144,1
143,147,1
143,156,1
143,157,1
143,165,1
143,168,1
143,182,1
143,187,1
143,20,1
143,190,1
143,192,1
143,199,1
143,200,1
143,202,1
143,203,1
143,205,1
143,217,1
143,226,1
143,234,1
143,246,1
143,2,1
143,252,1
143,254,1
143,256,1
143,258,1
143,263,1
143,268,1
143,272,1
143,273,1
143,280,1
143,25,1
143,289,1
143,290,1
143,297,1
143,300,1
143,26,1
143,27,1
143,304,1
143,321,1
144,147,1
144,156,1
144,157,1
144,165,1
144,168,1
144,182,1
144,187,1
144,20,1
144,190,1
144,192,1
144,199,1
144,200,1
144,202,1
144,203,1
144,205,1
144,217,1
144,226,1
144,234,1
144,246,1
144,2,1
144,252,1
144,254,1
144,256,1
144,258,1
144,263,1
144,268,1
144,272,1
144,273,1
144,280,1
144,25,1
144,289,1
144,290,1
144,297,1
144,300,1
144,26,1
144,27,1
144,304,1
144,321,1
17,248,1
145,146,1
145,170,1
145,176,1
145,233,1
145,237,1
146,170,1
146,176,1
146,233,1
146,237,1
147,156,1
147,157,1
147,165,1
147,168,1
147,182,1
147,187,1
147,20,1
147,190,1
147,192,1
147,199,1
147,200,1
147,202,1
147,203,1
147,205,1
147,217,1
147,226,1
147,234,1
147,246,1
147,2,1
147,252,1
147,254,1
147,256,1
147,258,1
147,263,1
147,268,1
147,272,1
147,273,1
147,280,1
147,25,1
147,289,1
147,290,1
147,297,1
147,300,1
147,26,1
147,27,1
147,304,1
147,321,1
148,230,1
148,238,1
148,245,1
148,27,1
149,243,1
149,260,1
149,25,1
150,188,1
150,201,1
150,211,1
151,261,1
152,19,1
152,213,1
152,24,1
153,247,1
154,219,1
155,173,1
155,221,1
156,157,1
156,165,1
156,168,1
156,182,1
156,187,1
156,20,1
156,190,1
156,192,1
156,199,1
156,200,1
156,202,1
156,203,1
156,205,1
156,217,1
156,226,1
156,234,1
156,246,1
156,2,1
156,252,1
156,254,1
156,256,1
156,258,1
156,263,1
156,268,1
156,272,1
156,273,1
156,280,1
156,25,1
156,289,1
156,290,1
156,297,1
156,300,1
156,26,1
156,27,1
156,304,1
156,321,1
157,165,1
157,168,1
157,182,1
157,187,1
157,20,1
157,190,1
157,192,1
157,199,1
157,200,1
157,202,1
157,203,1
157,205,1
157,217,1
157,226,1
157,234,1
157,246,1
157,2,1
157,252,1
157,254,1
157,256,1
157,258,1
157,263,1
157,268,1
157,272,1
157,273,1
157,280,1
157,25,1
157,289,1
157,290,1
157,297,1
157,300,1
157,26,1
157,27,1
157,304,1
157,321,1
158,4,1
158,177,1
158,180,1
158,184,1
158,185,1
158,189,1
158,21,1
158,198,1
158,212,1
158,259,1
158,269,1
158,288,1
158,26,1
158,318,1
158,6,1
18,23,1
18,295,1
159,277,1
159,307,1
160,309,1
161,191,1
161,265,1
161,291,1
161,6,1
19,195,1
19,213,1
19,235,1
19,274,1
162,225,1
162,293,1
162,308,1
162,312,1
162,313,1
162,315,1
163,278,1
164,21,1
164,6,1
4,177,1
4,180,1
4,184,1
4,185,1
4,189,1
4,21,1
4,198,1
4,212,1
4,255,1
4,259,1
4,269,1
4,288,1
4,26,1
4,318,1
4,6,1
165,168,1
165,182,1
165,187,1
165,20,1
165,190,1
165,192,1
165,199,1
165,200,1
165,202,1
165,203,1
165,205,1
165,217,1
165,226,1
165,234,1
165,246,1
165,2,1
165,252,1
165,254,1
165,256,1
165,258,1
165,263,1
165,268,1
165,272,1
165,273,1
165,280,1
165,25,1
165,289,1
165,290,1
165,297,1
165,300,1
165,26,1
165,27,1
165,304,1
165,321,1
166,186,1
166,204,1
167,231,1
167,282,1
167,316,1
168,182,1
168,187,1
168,20,1
168,190,1
168,192,1
168,199,1
168,200,1
168,202,1
168,203,1
168,205,1
168,217,1
168,226,1
168,234,1
168,246,1
168,2,1
168,252,1
168,254,1
168,256,1
168,258,1
168,263,1
168,268,1
168,272,1
168,273,1
168,280,1
168,25,1
168,289,1
168,290,1
168,297,1
168,300,1
168,26,1
168,27,1
168,304,1
168,321,1
169,270,1
169,303,1
169,325,1
170,176,1
170,233,1
170,237,1
172,251,1
172,262,1
173,221,1
174,223,1
174,314,1
175,179,1
175,241,1
176,233,1
176,237,1
177,180,1
177,184,1
177,185,1
177,189,1
177,21,1
177,198,1
177,212,1
177,259,1
177,269,1
177,288,1
177,26,1
177,318,1
177,6,1
178,183,1
178,209,1
178,302,1
179,241,1
180,184,1
180,185,1
180,189,1
180,21,1
180,198,1
180,212,1
180,259,1
180,269,1
180,288,1
180,26,1
180,318,1
180,6,1
181,229,1
181,240,1
181,249,1
181,306,1
182,187,1
182,20,1
182,190,1
182,192,1
182,199,1
182,200,1
182,202,1
182,203,1
182,205,1
182,217,1
182,226,1
182,234,1
182,246,1
182,2,1
182,252,1
182,254,1
182,256,1
182,258,1
182,263,1
182,268,1
182,272,1
182,273,1
182,280,1
182,25,1
182,289,1
182,290,1
182,297,1
182,300,1
182,26,1
182,27,1
182,304,1
182,321,1
183,209,1
183,302,1
184,185,1
184,189,1
184,21,1
184,198,1
184,212,1
184,259,1
184,269,1
184,288,1
184,26,1
184,318,1
184,6,1
185,189,1
185,21,1
185,198,1
185,212,1
185,259,1
185,269,1
185,288,1
185,26,1
185,318,1
185,6,1
186,204,1
187,20,1
187,190,1
187,192,1
187,199,1
187,200,1
187,202,1
187,203,1
187,205,1
187,217,1
187,226,1
187,234,1
187,246,1
187,2,1
187,252,1
187,254,1
187,256,1
187,258,1
187,263,1
187,268,1
187,272,1
187,273,1
187,280,1
187,25,1
187,289,1
187,290,1
187,297,1
187,300,1
187,26,1
187,27,1
187,304,1
187,321,1
20,190,1
20,192,1
20,199,1
20,200,1
20,202,1
20,203,1
20,205,1
20,217,1
20,226,1
20,234,1
20,246,1
20,252,1
20,254,1
20,256,1
20,258,1
20,263,1
20,268,1
20,271,1
20,272,1
20,273,1
20,280,1
20,25,1
20,289,1
20,290,1
20,297,1
20,300,1
20,26,1
20,27,1
20,304,1
20,321,1
188,201,1
188,211,1
189,21,1
189,198,1
189,212,1
189,259,1
189,269,1
189,288,1
189,26,1
189,318,1
189,6,1
190,192,1
190,199,1
190,200,1
190,202,1
190,203,1
190,205,1
190,217,1
190,226,1
190,234,1
190,246,1
190,2,1
190,252,1
190,254,1
190,256,1
190,258,1
190,263,1
190,268,1
190,272,1
190,273,1
190,280,1
190,25,1
190,289,1
190,290,1
190,297,1
190,300,1
190,26,1
190,27,1
190,304,1
190,321,1
191,265,1
191,291,1
191,6,1
192,199,1
192,200,1
192,202,1
192,203,1
192,205,1
192,217,1
192,226,1
192,234,1
192,246,1
192,2,1
192,252,1
192,254,1
192,256,1
192,258,1
192,263,1
192,268,1
192,272,1
192,273,1
192,280,1
192,25,1
192,289,1
192,290,1
192,297,1
192,300,1
192,26,1
192,27,1
192,304,1
192,321,1
193,194,1
193,214,1
194,214,1
195,235,1
195,24,1
195,274,1
196,283,1
197,281,1
21,198,1
21,212,1
21,259,1
21,269,1
21,288,1
21,26,1
21,318,1
198,212,1
198,259,1
198,269,1
198,288,1
198,26,1
198,318,1
198,6,1
199,200,1
199,202,1
199,203,1
199,205,1
199,217,1
199,226,1
199,234,1
199,246,1
199,2,1
199,252,1
199,254,1
199,256,1
199,258,1
199,263,1
199,268,1
199,272,1
199,273,1
199,280,1
199,25,1
199,289,1
199,290,1
199,297,1
199,300,1
199,26,1
199,27,1
199,304,1
199,321,1
200,202,1
200,203,1
200,205,1
200,217,1
200,226,1
200,234,1
200,246,1
200,2,1
200,252,1
200,254,1
200,256,1
200,258,1
200,263,1
200,268,1
200,272,1
200,273,1
200,280,1
200,25,1
200,289,1
200,290,1
200,297,1
200,300,1
200,26,1
200,27,1
200,304,1
200,321,1
201,211,1
202,203,1
202,205,1
202,217,1
202,226,1
202,234,1
202,246,1
202,2,1
202,252,1
202,254,1
202,256,1
202,258,1
202,263,1
202,268,1
202,272,1
202,273,1
202,280,1
202,25,1
202,289,1
202,290,1
202,297,1
202,300,1
202,26,1
202,27,1
202,304,1
202,321,1
203,205,1
203,217,1
203,226,1
203,234,1
203,246,1
203,2,1
203,252,1
203,254,1
203,256,1
203,258,1
203,263,1
203,268,1
203,272,1
203,273,1
203,280,1
203,25,1
203,289,1
203,290,1
203,297,1
203,300,1
203,26,1
203,27,1
203,304,1
203,321,1
205,217,1
205,226,1
205,234,1
205,246,1
205,2,1
205,252,1
205,254,1
205,256,1
205,258,1
205,263,1
205,268,1
205,272,1
205,273,1
205,280,1
205,25,1
205,289,1
205,290,1
205,297,1
205,300,1
205,26,1
205,27,1
205,304,1
205,321,1
206,208,1
206,232,1
207,22,1
208,232,1
209,302,1
210,244,1
210,319,1
212,259,1
212,269,1
212,288,1
212,26,1
212,318,1
212,6,1
213,24,1
215,267,1
216,298,1
217,226,1
217,234,1
217,246,1
217,2,1
217,252,1
217,254,1
217,256,1
217,258,1
217,263,1
217,268,1
217,272,1
217,273,1
217,280,1
217,25,1
217,289,1
217,290,1
217,297,1
217,300,1
217,26,1
217,27,1
217,304,1
217,321,1
218,227,1
222,285,1
223,314,1
224,276,1
224,294,1
224,310,1
225,293,1
225,308,1
225,312,1
225,313,1
225,315,1
226,234,1
226,246,1
226,2,1
226,252,1
226,254,1
226,256,1
226,258,1
226,263,1
226,268,1
226,272,1
226,273,1
226,280,1
226,25,1
226,289,1
226,290,1
226,297,1
226,300,1
226,26,1
226,27,1
226,304,1
226,321,1
228,253,1
229,240,1
229,249,1
229,306,1
230,238,1
230,245,1
230,27,1
231,282,1
231,316,1
233,237,1
234,246,1
234,2,1
234,252,1
234,254,1
234,256,1
234,258,1
234,263,1
234,268,1
234,272,1
234,273,1
234,280,1
234,25,1
234,289,1
234,290,1
234,297,1
234,300,1
234,26,1
234,27,1
234,304,1
234,321,1
235,24,1
235,274,1
236,286,1
238,245,1
238,27,1
240,249,1
240,306,1
243,260,1
243,25,1
244,319,1
245,27,1
246,2,1
246,252,1
246,254,1
246,256,1
246,258,1
246,263,1
246,268,1
246,272,1
246,273,1
246,280,1
246,25,1
246,289,1
246,290,1
246,297,1
246,300,1
246,26,1
246,27,1
246,304,1
246,321,1
2,252,1
2,254,1
2,256,1
2,258,1
2,263,1
2,268,1
2,271,1
2,272,1
2,273,1
2,280,1
2,25,1
2,289,1
2,290,1
2,297,1
2,300,1
2,26,1
2,27,1
2,304,1
2,321,1
249,306,1
250,301,1
251,262,1
252,254,1
252,256,1
252,258,1
252,263,1
252,268,1
252,272,1
252,273,1
252,280,1
252,25,1
252,289,1
252,290,1
252,297,1
252,300,1
252,26,1
252,27,1
252,304,1
252,321,1
254,256,1
254,258,1
254,263,1
254,268,1
254,272,1
254,273,1
254,280,1
254,25,1
254,289,1
254,290,1
254,297,1
254,300,1
254,26,1
254,27,1
254,304,1
254,321,1
256,258,1
256,263,1
256,268,1
256,272,1
256,273,1
256,280,1
256,25,1
256,289,1
256,290,1
256,297,1
256,300,1
256,26,1
256,27,1
256,304,1
256,321,1
258,263,1
258,268,1
258,272,1
258,273,1
258,280,1
258,25,1
258,289,1
258,290,1
258,297,1
258,300,1
258,26,1
258,27,1
258,304,1
258,321,1
259,269,1
259,288,1
259,26,1
259,318,1
259,6,1
260,25,1
23,296,1
23,322,1
23,323,1
263,268,1
263,272,1
263,273,1
263,280,1
263,25,1
263,289,1
263,290,1
263,297,1
263,300,1
263,26,1
263,27,1
263,304,1
263,321,1
264,326,1
265,291,1
265,6,1
24,274,1
268,272,1
268,273,1
268,280,1
268,25,1
268,289,1
268,290,1
268,297,1
268,300,1
268,26,1
268,27,1
268,304,1
268,321,1
269,288,1
269,26,1
269,318,1
269,6,1
270,303,1
270,325,1
272,273,1
272,280,1
272,25,1
272,289,1
272,290,1
272,297,1
272,300,1
272,26,1
272,27,1
272,304,1
272,321,1
273,280,1
273,25,1
273,289,1
273,290,1
273,297,1
273,300,1
273,26,1
273,27,1
273,304,1
273,321,1
276,294,1
276,310,1
277,307,1
280,25,1
280,289,1
280,290,1
280,297,1
280,300,1
280,26,1
280,27,1
280,304,1
280,321,1
282,316,1
284,287,1
284,299,1
287,299,1
25,289,1
25,290,1
25,297,1
25,300,1
25,26,1
25,27,1
25,304,1
25,321,1
288,26,1
288,318,1
288,6,1
289,290,1
289,297,1
289,300,1
289,26,1
289,27,1
289,304,1
289,321,1
290,297,1
290,300,1
290,26,1
290,27,1
290,304,1
290,321,1
291,6,1
293,308,1
293,312,1
293,313,1
293,315,1
5,295,1
5,296,1
5,322,1
5,323,1
294,310,1
296,322,1
296,323,1
297,300,1
297,26,1
297,27,1
297,304,1
297,321,1
300,26,1
300,27,1
300,304,1
300,321,1
26,27,1
26,304,1
26,318,1
26,321,1
26,6,1
27,304,1
27,321,1
303,325,1
304,321,1
308,312,1
308,313,1
308,315,1
311,320,1
311,324,1
312,313,1
312,315,1
313,315,1
318,6,1
320,324,1
322,323,1
